INSERT INTO unit_type (id, name, unit) VALUES (1, 'Duration', 's');
INSERT INTO unit_type (id, name, unit) VALUES (2, 'Reps', 'times');
INSERT INTO unit_type (id, name, unit) VALUES (3, 'Weight', 'kg');

insert into muscle(id, location_id, muscle_name) values (1, 1, 'traps');
insert into muscle(id, location_id, muscle_name) values (2, 2, 'shoulders');
insert into muscle(id, location_id, muscle_name) values (3, 3, 'triceps');
insert into muscle(id, location_id, muscle_name) values (4, 4, 'biceps');
insert into muscle(id, location_id, muscle_name) values (5, 5, 'forearms');
insert into muscle(id, location_id, muscle_name) values (6, 6, 'chest');
insert into muscle(id, location_id, muscle_name) values (7, 7, 'abs');
insert into muscle(id, location_id, muscle_name) values (8, 8, 'obliques');
insert into muscle(id, location_id, muscle_name) values (9, 9, 'lats');
insert into muscle(id, location_id, muscle_name) values (10, 10, 'lower back');
insert into muscle(id, location_id, muscle_name) values (11, 11, 'glutes');
insert into muscle(id, location_id, muscle_name) values (12, 12, 'hams');
insert into muscle(id, location_id, muscle_name) values (13, 13, 'quads');
insert into muscle(id, location_id, muscle_name) values (14, 14, 'calves');

INSERT INTO app_user (id, username, password, email, phone, forename, surname, code) VALUES (1, 'silver', md5('pass'), 'abc@def.gh', '55551111', 'Mike', 'I.', '33344455566');

INSERT INTO exercise (id, name, description, user_id) VALUES (100001, 'Bench Press', 'Bench press 3 times a week', 1);
INSERT INTO exercise_muscle (id, exercise_id, muscle_id) VALUES (1, 100001, 4);
INSERT INTO exercise_muscle (id, exercise_id, muscle_id) VALUES (2, 100001, 5);
INSERT INTO exercise_muscle (id, exercise_id, muscle_id) VALUES (3, 100001, 6);
INSERT INTO exercise_unit_type (id, exercise_id, unit_type_id) VALUES (1, 100001, 2);
INSERT INTO exercise_unit_type (id, exercise_id, unit_type_id) VALUES (2, 100001, 3);

INSERT INTO exercise (id, name, description, user_id) VALUES (100002, 'Push-ups', 'Push-ups every day', 1);
INSERT INTO exercise_muscle (id, exercise_id, muscle_id) VALUES (4, 100002, 4);
INSERT INTO exercise_muscle (id, exercise_id, muscle_id) VALUES (5, 100002, 5);
INSERT INTO exercise_muscle (id, exercise_id, muscle_id) VALUES (6, 100002, 6);
INSERT INTO exercise_unit_type (id, exercise_id, unit_type_id) VALUES (3, 100002, 2);

INSERT INTO exercise (id, name, description, user_id) VALUES (100003, 'Pull-ups', 'Pull-ups 3 times a week', 1);
INSERT INTO exercise_muscle (id, exercise_id, muscle_id) VALUES (7, 100003, 2);
INSERT INTO exercise_muscle (id, exercise_id, muscle_id) VALUES (8, 100003, 8);
INSERT INTO exercise_unit_type (id, exercise_id, unit_type_id) VALUES (4, 100003, 2);

INSERT INTO exercise (id, name, description, user_id) VALUES (100004, 'Leg curls', 'Leg curls 3 times a week', 1);
INSERT INTO exercise_muscle (id, exercise_id, muscle_id) VALUES (9, 100004, 13);
INSERT INTO exercise_muscle (id, exercise_id, muscle_id) VALUES (10, 100004, 14);
INSERT INTO exercise_unit_type (id, exercise_id, unit_type_id) VALUES (5, 100004, 2);
INSERT INTO exercise_unit_type (id, exercise_id, unit_type_id) VALUES (6, 100004, 3);

INSERT INTO exercise_set (id, created, exercise_id) VALUES (100001, '2018-05-02', 100001);
INSERT INTO exercise_set (id, created, exercise_id) VALUES (100002, '2018-05-05', 100001);
INSERT INTO exercise_set (id, created, exercise_id) VALUES (100003, '2018-05-08', 100001);
INSERT INTO exercise_set (id, created, exercise_id) VALUES (100004, '2018-05-12', 100001);
INSERT INTO exercise_set (id, created, exercise_id) VALUES (100005, '2018-05-13', 100001);
INSERT INTO measure_log (id, created, exercise_set_id, unit_type_id, val) VALUES (1000031, '2018-05-02', 100001, 2, 7);
INSERT INTO measure_log (id, created, exercise_set_id, unit_type_id, val) VALUES (1000033, '2018-05-05', 100002, 2, 7);
INSERT INTO measure_log (id, created, exercise_set_id, unit_type_id, val) VALUES (1000035, '2018-05-08', 100003, 2, 7);
INSERT INTO measure_log (id, created, exercise_set_id, unit_type_id, val) VALUES (1000037, '2018-05-12', 100004, 2, 7);
INSERT INTO measure_log (id, created, exercise_set_id, unit_type_id, val) VALUES (1000039, '2018-05-13', 100005, 2, 7);
INSERT INTO measure_log (id, created, exercise_set_id, unit_type_id, val) VALUES (1000041, '2018-05-02', 100001, 3, 70);
INSERT INTO measure_log (id, created, exercise_set_id, unit_type_id, val) VALUES (1000043, '2018-05-05', 100002, 3, 70);
INSERT INTO measure_log (id, created, exercise_set_id, unit_type_id, val) VALUES (1000045, '2018-05-08', 100003, 3, 75);
INSERT INTO measure_log (id, created, exercise_set_id, unit_type_id, val) VALUES (1000047, '2018-05-12', 100004, 3, 70);
INSERT INTO measure_log (id, created, exercise_set_id, unit_type_id, val) VALUES (1000049, '2018-05-13', 100005, 3, 65);

INSERT INTO exercise_set (id, created, exercise_id) VALUES (100006, '2018-05-02', 100002);
INSERT INTO exercise_set (id, created, exercise_id) VALUES (100007, '2018-05-04', 100002);
INSERT INTO exercise_set (id, created, exercise_id) VALUES (100008, '2018-05-06', 100002);
INSERT INTO exercise_set (id, created, exercise_id) VALUES (100009, '2018-05-08', 100002);
INSERT INTO exercise_set (id, created, exercise_id) VALUES (1000010, '2018-05-10', 100002);
INSERT INTO exercise_set (id, created, exercise_id) VALUES (1000011, '2018-05-12', 100002);
INSERT INTO exercise_set (id, created, exercise_id) VALUES (1000012, '2018-05-14', 100002);
INSERT INTO exercise_set (id, created, exercise_id) VALUES (1000013, '2018-05-13', 100002);
INSERT INTO exercise_set (id, created, exercise_id) VALUES (1000014, '2018-05-18', 100002);
INSERT INTO exercise_set (id, created, exercise_id) VALUES (1000015, '2018-05-20', 100002);
INSERT INTO measure_log (id, created, exercise_set_id, unit_type_id, val) VALUES (1000051, '2018-05-02', 100006, 2, 7);
INSERT INTO measure_log (id, created, exercise_set_id, unit_type_id, val) VALUES (1000052, '2018-05-02', 100007, 2, 6);
INSERT INTO measure_log (id, created, exercise_set_id, unit_type_id, val) VALUES (1000053, '2018-05-05', 100008, 2, 7);
INSERT INTO measure_log (id, created, exercise_set_id, unit_type_id, val) VALUES (1000054, '2018-05-05', 100009, 2, 6);
INSERT INTO measure_log (id, created, exercise_set_id, unit_type_id, val) VALUES (1000055, '2018-05-08', 1000010, 2, 7);
INSERT INTO measure_log (id, created, exercise_set_id, unit_type_id, val) VALUES (1000056, '2018-05-08', 1000011, 2, 6);
INSERT INTO measure_log (id, created, exercise_set_id, unit_type_id, val) VALUES (1000057, '2018-05-12', 1000012, 2, 7);
INSERT INTO measure_log (id, created, exercise_set_id, unit_type_id, val) VALUES (1000058, '2018-05-12', 1000013, 2, 6);
INSERT INTO measure_log (id, created, exercise_set_id, unit_type_id, val) VALUES (1000059, '2018-05-13', 1000014, 2, 7);
INSERT INTO measure_log (id, created, exercise_set_id, unit_type_id, val) VALUES (1000060, '2018-05-13', 1000015, 2, 6);

INSERT INTO exercise_set (id, created, exercise_id) VALUES (1000016, '2018-05-02', 100003);
INSERT INTO exercise_set (id, created, exercise_id) VALUES (1000017, '2018-05-05', 100003);
INSERT INTO exercise_set (id, created, exercise_id) VALUES (1000018, '2018-05-08', 100003);
INSERT INTO exercise_set (id, created, exercise_id) VALUES (1000019, '2018-05-12', 100003);
INSERT INTO exercise_set (id, created, exercise_id) VALUES (1000020, '2018-05-13', 100003);
INSERT INTO measure_log (id, created, exercise_set_id, unit_type_id, val) VALUES (100001, '2018-05-02', 1000016, 2, 7);
INSERT INTO measure_log (id, created, exercise_set_id, unit_type_id, val) VALUES (100002, '2018-05-02', 1000016, 2, 6);
INSERT INTO measure_log (id, created, exercise_set_id, unit_type_id, val) VALUES (100003, '2018-05-05', 1000017, 2, 7);
INSERT INTO measure_log (id, created, exercise_set_id, unit_type_id, val) VALUES (100004, '2018-05-05', 1000017, 2, 6);
INSERT INTO measure_log (id, created, exercise_set_id, unit_type_id, val) VALUES (100005, '2018-05-08', 1000018, 2, 7);
INSERT INTO measure_log (id, created, exercise_set_id, unit_type_id, val) VALUES (100006, '2018-05-08', 1000018, 2, 6);
INSERT INTO measure_log (id, created, exercise_set_id, unit_type_id, val) VALUES (100007, '2018-05-12', 1000019, 2, 7);
INSERT INTO measure_log (id, created, exercise_set_id, unit_type_id, val) VALUES (100008, '2018-05-12', 1000019, 2, 6);
INSERT INTO measure_log (id, created, exercise_set_id, unit_type_id, val) VALUES (100009, '2018-05-13', 1000020, 2, 7);
INSERT INTO measure_log (id, created, exercise_set_id, unit_type_id, val) VALUES (1000010, '2018-05-13', 1000020, 2, 6);

INSERT INTO exercise_set (id, created, exercise_id) VALUES (1000021, '2018-05-02', 100004);
INSERT INTO exercise_set (id, created, exercise_id) VALUES (1000022, '2018-05-05', 100004);
INSERT INTO exercise_set (id, created, exercise_id) VALUES (1000023, '2018-05-08', 100004);
INSERT INTO exercise_set (id, created, exercise_id) VALUES (1000024, '2018-05-12', 100004);
INSERT INTO exercise_set (id, created, exercise_id) VALUES (1000025, '2018-05-13', 100004);
INSERT INTO measure_log (id, created, exercise_set_id, unit_type_id, val) VALUES (1000011, '2018-05-02', 1000021, 2, 7);
INSERT INTO measure_log (id, created, exercise_set_id, unit_type_id, val) VALUES (1000013, '2018-05-05', 1000022, 2, 7);
INSERT INTO measure_log (id, created, exercise_set_id, unit_type_id, val) VALUES (1000015, '2018-05-08', 1000023, 2, 7);
INSERT INTO measure_log (id, created, exercise_set_id, unit_type_id, val) VALUES (1000017, '2018-05-12', 1000024, 2, 7);
INSERT INTO measure_log (id, created, exercise_set_id, unit_type_id, val) VALUES (1000019, '2018-05-13', 1000025, 2, 7);
INSERT INTO measure_log (id, created, exercise_set_id, unit_type_id, val) VALUES (1000021, '2018-05-02', 1000021, 3, 70);
INSERT INTO measure_log (id, created, exercise_set_id, unit_type_id, val) VALUES (1000023, '2018-05-05', 1000022, 3, 70);
INSERT INTO measure_log (id, created, exercise_set_id, unit_type_id, val) VALUES (1000025, '2018-05-08', 1000023, 3, 70);
INSERT INTO measure_log (id, created, exercise_set_id, unit_type_id, val) VALUES (1000027, '2018-05-12', 1000024, 3, 70);
INSERT INTO measure_log (id, created, exercise_set_id, unit_type_id, val) VALUES (1000029, '2018-05-13', 1000025, 3, 70);