INSERT INTO unit_type (id, name, unit) VALUES (1, 'Duration', 's');
INSERT INTO unit_type (id, name, unit) VALUES (2, 'Reps', 'times');
INSERT INTO unit_type (id, name, unit) VALUES (3, 'Weight', 'kg');

insert into muscle(id, location_id, muscle_name) values (1, 1, 'traps');
insert into muscle(id, location_id, muscle_name) values (2, 2, 'shoulders');
insert into muscle(id, location_id, muscle_name) values (3, 3, 'triceps');
insert into muscle(id, location_id, muscle_name) values (4, 4, 'biceps');
insert into muscle(id, location_id, muscle_name) values (5, 5, 'forearms');
insert into muscle(id, location_id, muscle_name) values (6, 6, 'chest');
insert into muscle(id, location_id, muscle_name) values (7, 7, 'abs');
insert into muscle(id, location_id, muscle_name) values (8, 8, 'obliques');
insert into muscle(id, location_id, muscle_name) values (9, 9, 'lats');
insert into muscle(id, location_id, muscle_name) values (10, 10, 'lower back');
insert into muscle(id, location_id, muscle_name) values (11, 11, 'glutes');
insert into muscle(id, location_id, muscle_name) values (12, 12, 'hams');
insert into muscle(id, location_id, muscle_name) values (13, 13, 'quads');
insert into muscle(id, location_id, muscle_name) values (14, 14, 'calves');

INSERT INTO app_user (id, username, password, email, phone, forename, surname, code) VALUES (1, 'silver', md5('pass'), 'abc@def.gh', '55551111', 'Mike', 'I.', '33344455566');

INSERT INTO exercise (id, name, description, user_id) VALUES (1, 'Bench Press', 'Bench press 3 times a week', 1);
INSERT INTO exercise_muscle (id, exercise_id, muscle_id) VALUES (1, 1, 4);
INSERT INTO exercise_muscle (id, exercise_id, muscle_id) VALUES (2, 1, 5);
INSERT INTO exercise_muscle (id, exercise_id, muscle_id) VALUES (3, 1, 6);
INSERT INTO exercise_unit_type (id, exercise_id, unit_type_id) VALUES (1, 1, 2);
INSERT INTO exercise_unit_type (id, exercise_id, unit_type_id) VALUES (2, 1, 3);

INSERT INTO exercise (id, name, description, user_id) VALUES (2, 'Push-ups', 'Push-ups every day', 1);
INSERT INTO exercise_muscle (id, exercise_id, muscle_id) VALUES (4, 2, 4);
INSERT INTO exercise_muscle (id, exercise_id, muscle_id) VALUES (5, 2, 5);
INSERT INTO exercise_muscle (id, exercise_id, muscle_id) VALUES (6, 2, 6);
INSERT INTO exercise_unit_type (id, exercise_id, unit_type_id) VALUES (3, 2, 2);

INSERT INTO exercise (id, name, description, user_id) VALUES (3, 'Pull-ups', 'Pull-ups 3 times a week', 1);
INSERT INTO exercise_muscle (id, exercise_id, muscle_id) VALUES (7, 3, 2);
INSERT INTO exercise_muscle (id, exercise_id, muscle_id) VALUES (8, 3, 8);
INSERT INTO exercise_unit_type (id, exercise_id, unit_type_id) VALUES (4, 3, 2);

INSERT INTO exercise (id, name, description, user_id) VALUES (4, 'Leg curls', 'Leg curls 3 times a week', 1);
INSERT INTO exercise_muscle (id, exercise_id, muscle_id) VALUES (9, 4, 13);
INSERT INTO exercise_muscle (id, exercise_id, muscle_id) VALUES (10, 4, 14);
INSERT INTO exercise_unit_type (id, exercise_id, unit_type_id) VALUES (5, 4, 2);
INSERT INTO exercise_unit_type (id, exercise_id, unit_type_id) VALUES (6, 4, 3);

INSERT INTO exercise_set (id, created, exercise_id) VALUES (1, '2018-05-02', 1);
INSERT INTO exercise_set (id, created, exercise_id) VALUES (2, '2018-05-05', 1);
INSERT INTO exercise_set (id, created, exercise_id) VALUES (3, '2018-05-08', 1);
INSERT INTO exercise_set (id, created, exercise_id) VALUES (4, '2018-05-12', 1);
INSERT INTO exercise_set (id, created, exercise_id) VALUES (5, '2018-05-13', 1);
INSERT INTO measure_log (id, created, exercise_set_id, unit_type_id, val) VALUES (31, '2018-05-02', 1, 2, 7);
INSERT INTO measure_log (id, created, exercise_set_id, unit_type_id, val) VALUES (32, '2018-05-02', 1, 2, 6);
INSERT INTO measure_log (id, created, exercise_set_id, unit_type_id, val) VALUES (33, '2018-05-05', 2, 2, 7);
INSERT INTO measure_log (id, created, exercise_set_id, unit_type_id, val) VALUES (34, '2018-05-05', 2, 2, 2);
INSERT INTO measure_log (id, created, exercise_set_id, unit_type_id, val) VALUES (35, '2018-05-08', 3, 2, 7);
INSERT INTO measure_log (id, created, exercise_set_id, unit_type_id, val) VALUES (36, '2018-05-08', 3, 2, 6);
INSERT INTO measure_log (id, created, exercise_set_id, unit_type_id, val) VALUES (37, '2018-05-12', 4, 2, 7);
INSERT INTO measure_log (id, created, exercise_set_id, unit_type_id, val) VALUES (38, '2018-05-12', 4, 2, 5);
INSERT INTO measure_log (id, created, exercise_set_id, unit_type_id, val) VALUES (39, '2018-05-13', 5, 2, 7);
INSERT INTO measure_log (id, created, exercise_set_id, unit_type_id, val) VALUES (40, '2018-05-13', 5, 2, 6);
INSERT INTO measure_log (id, created, exercise_set_id, unit_type_id, val) VALUES (41, '2018-05-02', 1, 3, 70);
INSERT INTO measure_log (id, created, exercise_set_id, unit_type_id, val) VALUES (42, '2018-05-02', 1, 3, 70);
INSERT INTO measure_log (id, created, exercise_set_id, unit_type_id, val) VALUES (43, '2018-05-05', 2, 3, 70);
INSERT INTO measure_log (id, created, exercise_set_id, unit_type_id, val) VALUES (44, '2018-05-05', 2, 3, 75);
INSERT INTO measure_log (id, created, exercise_set_id, unit_type_id, val) VALUES (45, '2018-05-08', 3, 3, 75);
INSERT INTO measure_log (id, created, exercise_set_id, unit_type_id, val) VALUES (46, '2018-05-08', 3, 3, 65);
INSERT INTO measure_log (id, created, exercise_set_id, unit_type_id, val) VALUES (47, '2018-05-12', 4, 3, 70);
INSERT INTO measure_log (id, created, exercise_set_id, unit_type_id, val) VALUES (48, '2018-05-12', 4, 3, 70);
INSERT INTO measure_log (id, created, exercise_set_id, unit_type_id, val) VALUES (49, '2018-05-13', 5, 3, 65);
INSERT INTO measure_log (id, created, exercise_set_id, unit_type_id, val) VALUES (50, '2018-05-13', 5, 3, 70);

INSERT INTO exercise_set (id, created, exercise_id) VALUES (6, '2018-05-02', 2);
INSERT INTO exercise_set (id, created, exercise_id) VALUES (7, '2018-05-04', 2);
INSERT INTO exercise_set (id, created, exercise_id) VALUES (8, '2018-05-06', 2);
INSERT INTO exercise_set (id, created, exercise_id) VALUES (9, '2018-05-08', 2);
INSERT INTO exercise_set (id, created, exercise_id) VALUES (10, '2018-05-10', 2);
INSERT INTO exercise_set (id, created, exercise_id) VALUES (11, '2018-05-12', 2);
INSERT INTO exercise_set (id, created, exercise_id) VALUES (12, '2018-05-14', 2);
INSERT INTO exercise_set (id, created, exercise_id) VALUES (13, '2018-05-13', 2);
INSERT INTO exercise_set (id, created, exercise_id) VALUES (14, '2018-05-18', 2);
INSERT INTO exercise_set (id, created, exercise_id) VALUES (15, '2018-05-20', 2);
INSERT INTO measure_log (id, created, exercise_set_id, unit_type_id, val) VALUES (51, '2018-05-02', 6, 2, 7);
INSERT INTO measure_log (id, created, exercise_set_id, unit_type_id, val) VALUES (52, '2018-05-02', 7, 2, 6);
INSERT INTO measure_log (id, created, exercise_set_id, unit_type_id, val) VALUES (53, '2018-05-05', 8, 2, 7);
INSERT INTO measure_log (id, created, exercise_set_id, unit_type_id, val) VALUES (54, '2018-05-05', 9, 2, 6);
INSERT INTO measure_log (id, created, exercise_set_id, unit_type_id, val) VALUES (55, '2018-05-08', 10, 2, 7);
INSERT INTO measure_log (id, created, exercise_set_id, unit_type_id, val) VALUES (56, '2018-05-08', 11, 2, 6);
INSERT INTO measure_log (id, created, exercise_set_id, unit_type_id, val) VALUES (57, '2018-05-12', 12, 2, 7);
INSERT INTO measure_log (id, created, exercise_set_id, unit_type_id, val) VALUES (58, '2018-05-12', 13, 2, 6);
INSERT INTO measure_log (id, created, exercise_set_id, unit_type_id, val) VALUES (59, '2018-05-13', 14, 2, 7);
INSERT INTO measure_log (id, created, exercise_set_id, unit_type_id, val) VALUES (60, '2018-05-13', 15, 2, 6);

INSERT INTO exercise_set (id, created, exercise_id) VALUES (16, '2018-05-02', 3);
INSERT INTO exercise_set (id, created, exercise_id) VALUES (17, '2018-05-05', 3);
INSERT INTO exercise_set (id, created, exercise_id) VALUES (18, '2018-05-08', 3);
INSERT INTO exercise_set (id, created, exercise_id) VALUES (19, '2018-05-12', 3);
INSERT INTO exercise_set (id, created, exercise_id) VALUES (20, '2018-05-13', 3);
INSERT INTO measure_log (id, created, exercise_set_id, unit_type_id, val) VALUES (1, '2018-05-02', 16, 2, 7);
INSERT INTO measure_log (id, created, exercise_set_id, unit_type_id, val) VALUES (2, '2018-05-02', 16, 2, 6);
INSERT INTO measure_log (id, created, exercise_set_id, unit_type_id, val) VALUES (3, '2018-05-05', 17, 2, 7);
INSERT INTO measure_log (id, created, exercise_set_id, unit_type_id, val) VALUES (4, '2018-05-05', 17, 2, 6);
INSERT INTO measure_log (id, created, exercise_set_id, unit_type_id, val) VALUES (5, '2018-05-08', 18, 2, 7);
INSERT INTO measure_log (id, created, exercise_set_id, unit_type_id, val) VALUES (6, '2018-05-08', 18, 2, 6);
INSERT INTO measure_log (id, created, exercise_set_id, unit_type_id, val) VALUES (7, '2018-05-12', 19, 2, 7);
INSERT INTO measure_log (id, created, exercise_set_id, unit_type_id, val) VALUES (8, '2018-05-12', 19, 2, 6);
INSERT INTO measure_log (id, created, exercise_set_id, unit_type_id, val) VALUES (9, '2018-05-13', 20, 2, 7);
INSERT INTO measure_log (id, created, exercise_set_id, unit_type_id, val) VALUES (10, '2018-05-13', 20, 2, 6);

INSERT INTO exercise_set (id, created, exercise_id) VALUES (21, '2018-05-02', 4);
INSERT INTO exercise_set (id, created, exercise_id) VALUES (22, '2018-05-05', 4);
INSERT INTO exercise_set (id, created, exercise_id) VALUES (23, '2018-05-08', 4);
INSERT INTO exercise_set (id, created, exercise_id) VALUES (24, '2018-05-12', 4);
INSERT INTO exercise_set (id, created, exercise_id) VALUES (25, '2018-05-13', 4);
INSERT INTO measure_log (id, created, exercise_set_id, unit_type_id, val) VALUES (11, '2018-05-02', 21, 2, 7);
INSERT INTO measure_log (id, created, exercise_set_id, unit_type_id, val) VALUES (12, '2018-05-02', 21, 2, 6);
INSERT INTO measure_log (id, created, exercise_set_id, unit_type_id, val) VALUES (13, '2018-05-05', 22, 2, 7);
INSERT INTO measure_log (id, created, exercise_set_id, unit_type_id, val) VALUES (14, '2018-05-05', 22, 2, 6);
INSERT INTO measure_log (id, created, exercise_set_id, unit_type_id, val) VALUES (15, '2018-05-08', 23, 2, 7);
INSERT INTO measure_log (id, created, exercise_set_id, unit_type_id, val) VALUES (16, '2018-05-08', 23, 2, 6);
INSERT INTO measure_log (id, created, exercise_set_id, unit_type_id, val) VALUES (17, '2018-05-12', 24, 2, 7);
INSERT INTO measure_log (id, created, exercise_set_id, unit_type_id, val) VALUES (18, '2018-05-12', 24, 2, 6);
INSERT INTO measure_log (id, created, exercise_set_id, unit_type_id, val) VALUES (19, '2018-05-13', 25, 2, 7);
INSERT INTO measure_log (id, created, exercise_set_id, unit_type_id, val) VALUES (20, '2018-05-13', 25, 2, 6);
INSERT INTO measure_log (id, created, exercise_set_id, unit_type_id, val) VALUES (21, '2018-05-02', 21, 3, 70);
INSERT INTO measure_log (id, created, exercise_set_id, unit_type_id, val) VALUES (22, '2018-05-02', 21, 3, 70);
INSERT INTO measure_log (id, created, exercise_set_id, unit_type_id, val) VALUES (23, '2018-05-05', 22, 3, 70);
INSERT INTO measure_log (id, created, exercise_set_id, unit_type_id, val) VALUES (24, '2018-05-05', 22, 3, 70);
INSERT INTO measure_log (id, created, exercise_set_id, unit_type_id, val) VALUES (25, '2018-05-08', 23, 3, 70);
INSERT INTO measure_log (id, created, exercise_set_id, unit_type_id, val) VALUES (26, '2018-05-08', 23, 3, 70);
INSERT INTO measure_log (id, created, exercise_set_id, unit_type_id, val) VALUES (27, '2018-05-12', 24, 3, 70);
INSERT INTO measure_log (id, created, exercise_set_id, unit_type_id, val) VALUES (28, '2018-05-12', 24, 3, 70);
INSERT INTO measure_log (id, created, exercise_set_id, unit_type_id, val) VALUES (29, '2018-05-13', 25, 3, 70);
INSERT INTO measure_log (id, created, exercise_set_id, unit_type_id, val) VALUES (30, '2018-05-13', 25, 3, 70);